{"cameraMode":{"drawMode":0,"name":"Shaded","section":"Shading Mode"},"sceneLighting":false,"audioPlay":false,"sceneViewState":{"showFog":true,"showMaterialUpdate":false,"showSkybox":false,"showFlares":true,"showImageEffects":true,"showParticleSystems":true},"in2DMode":false,"pivot":{"x":447.925537109375,"y":354.90423583984377,"z":21.6998291015625},"rotation":{"x":-0.12430065870285034,"y":0.05414539575576782,"z":-0.006793165113776922,"w":-0.9907448291778565},"size":97.12336730957031,"orthographic":false}